tconst,titleType,primaryTitle,originalTitle,startYear,runtimeMinutes,genres
tt0492500,tvEpisode,Jahrhundert-Hits,Jahrhundert-Hits,2005,\N,Talk-Show
tt0492501,videoGame,Vet Emergency,Vet Emergency,2001,\N,\N
tt0492502,movie,Wide Awake,Wide Awake,2006,79,Documentary
tt0492503,tvEpisode,Ausgegraben,Ausgegraben,2005,90,"Crime,Thriller"
tt0492505,videoGame,Wonder Dog,Wonder Dog,1992,\N,"Action,Adventure,Comedy"
tt0492506,movie,Wordplay,Wordplay,2006,94,Documentary
tt0492508,tvMiniSeries,Battle of the Atlantic,Battle of the Atlantic,2002,146,"Documentary,History,War"
tt0492509,tvSeries,Budgie the Little Helicopter,Budgie the Little Helicopter,1994,11,"Animation,Family"
tt0492510,tvSeries,Build a New Life in the Country,Build a New Life in the Country,2005,48,Documentary
tt0492511,tvSeries,Cage Rage,Cage Rage,2005,\N,Sport
tt0492512,tvSeries,Car Cruzin,Car Cruzin,2005,23,Documentary
tt0492513,tvSeries,En votre âme et conscience,En votre âme et conscience,1955,\N,"Crime,Drama,Mystery"
tt0492514,tvSeries,House of Horrors,House of Horrors,1998,60,Documentary
tt0492515,tvSeries,The National Lottery: Millionaire Manor,The National Lottery: Millionaire Manor,2005,40,Game-Show
tt0492516,tvSeries,Die Oase,Die Oase,1993,25,Crime
tt0492517,tvSeries,Soapstar Superstar,Soapstar Superstar,2006,\N,"Music,Reality-TV"
tt0492518,tvSeries,Le tour du monde en 80 jours,Le tour du monde en 80 jours,1980,5,Adventure
tt0492519,tvSeries,Das verbotene Spiel,Das verbotene Spiel,1979,30,Sci-Fi
tt0492520,tvSeries,Wogan Now & Then,Wogan Now & Then,2006,45,Talk-Show
tt0492521,video,War of the Worlds: Characters - The Family Unit,War of the Worlds: Characters - The Family Unit,2005,13,Short
tt0492522,video,War of the Worlds : Previsualization,War of the Worlds: Previsualization,2005,8,Short
tt0492527,video,War of the Worlds: Revisiting the Invasion,War of the Worlds: Revisiting the Invasion,2005,8,Short
tt0492529,movie,2-Feb,2-Feb,2005,\N,Drama
tt0492533,movie,The Intimate,Aein,2005,98,"Drama,Romance"
tt0492534,short,Russian Outposts Attacked by Japanese,An Affair of Outposts,1904,\N,"Short,War"
tt0492535,video,Afonja,Afonja,2002,\N,Drama
tt0492537,tvMovie,Alias Ricky Gervais,Alias Ricky Gervais,2004,46,Documentary
tt0492538,tvMovie,Alias: The Story So Far,Alias: The Story So Far,2004,23,Documentary
tt0492545,tvMovie,Anderer Leute Kinder,Anderer Leute Kinder,1979,100,Drama
tt0492552,tvEpisode,Décibel,Décibel,1980,105,Comedy
tt0492553,tvEpisode,Peau de vache,Peau de vache,1980,118,Comedy
tt0492554,tvMovie,Ausgerechnet Weihnachten,Ausgerechnet Weihnachten,2005,90,Comedy
tt0492561,tvSpecial,The Big Fat Quiz of the Year,The Big Fat Quiz of the Year,2005,130,"Comedy,Game-Show"
tt0492571,videoGame,Bratz Rock Angelz,Bratz Rock Angelz,2005,77,Adventure
tt0492575,tvMovie,Cest beau,Cest beau,1980,95,Drama
tt0492576,short,La casa de los órganos,La casa de los órganos,2005,13,Short
tt0492577,tvMovie,Charmed: Lifes a Witch,Charmed: Lifes a Witch,2005,23,Documentary
tt0492578,short,La chica del pintalabios rojo,La chica del pintalabios rojo,2004,18,Short
tt0492580,movie,Ci mu xin,Ci mu xin,1960,\N,Drama
tt0492581,tvMovie,Ciboulette,Ciboulette,1980,60,"Comedy,Music"
tt0492582,movie,Cimu jiaoer,Cimu jiaoer,1960,111,Drama
tt0492583,tvSpecial,The Comedians  Comedian,The Comedians Comedian,2005,\N,Documentary
tt0492594,movie,Da fu zhi jia,Da fu zhi jia,1963,\N,Comedy
tt0492595,movie,Da shao nai,Da shao nai,1964,112,Drama
tt0492596,movie,The Dark Avengers,The Dark Avengers,2005,110,"Action,Crime,Drama"
tt0492598,short,Las decisiones de Nancy,Las decisiones de Nancy,2004,19,"Comedy,Short"
tt0492602,video,Designing the Enemy: Tripods and Aliens,Designing the Enemy: Tripods and Aliens,2005,14,Short
tt0492603,tvMovie,Le devine-vent,Le devine-vent,1980,55,Drama
tt0492604,movie,Diao man nu xi fu,Diao man nu xi fu,1964,99,Comedy
tt0492609,tvMovie,La douceur et le silence,La douceur et le silence,1980,55,Drama
tt0492612,short,La espera,La espera,2005,4,Short
tt0492617,short,La fleur de la mort,La fleur de la mort,2005,3,Short
tt0492618,tvMovie,Les folies du samedi soir,Les folies du samedi soir,1980,120,Comedy
tt0492619,movie,The Foot Fist Way,The Foot Fist Way,2006,85,Comedy
tt0492621,short,Fourteen,Fourteen,2006,7,"Drama,Short"
tt0492626,movie,Futago,Futago,2005,90,Horror
tt0492627,movie,Die Geisterjagd,Die Geisterjagd,1918,68,"Action,Crime"
tt0492628,short,Die Geliebte des Chinesen,Die Geliebte des Chinesen,1911,\N,Short
tt0492631,movie,Glück bei Frauen,Glück bei Frauen,1928,\N,\N
tt0492633,short,Green #1 in D Minor,Green #1 in D Minor,2005,4,"Animation,Family,Short"
tt0492634,movie,Die Grenzwacht im Osten,Die Grenzwacht im Osten,1914,\N,Drama
tt0492635,short,Gräfin Ankarström,Gräfin Ankarström,1910,\N,Short
tt0492636,video,The H.G. Wells Legacy,The H.G. Wells Legacy,2005,7,Short
tt0492637,movie,Hao men chun se,Hao men chun se,1962,\N,Drama
tt0492639,videoGame,Heart of the Alien,Heart of the Alien,1994,\N,"Action,Adventure,Fantasy"
tt0492640,video,Holy Ghost Fire,Holy Ghost Fire,2001,\N,Drama
tt0492642,short,I Am Strong,Ik ben sterk,2005,15,"Documentary,Family,Short"
tt0492644,tvMovie,Ingeborg,Ingeborg,1954,\N,\N
tt0492648,short,The Intoxicated Artist,The Intoxicated Artist,1899,\N,"Comedy,Short"
tt0492650,movie,Art of Seduction,Jakeob-ui jeongseok,2005,100,"Comedy,Romance"
tt0492651,tvMovie,Je veux voir Mioussov,Je veux voir Mioussov,1980,145,Comedy
tt0492652,movie,Jie shi huang hou,Jie shi huang hou,1964,\N,Comedy
tt0492653,tvMovie,Joseph,Joseph,2005,91,"Action,Crime,Drama"
tt0492654,tvMovie,Les jours heureux,Les jours heureux,1961,\N,\N
tt0492655,tvMovie,Joyeuses commères de Windsor,Joyeuses commères de Windsor,1964,\N,\N
tt0492656,tvMovie,Le jubilée,Le jubilée,1961,\N,\N
tt0492657,tvMovie,Judith,Judith,1969,\N,\N
tt0492658,tvMovie,Le juge de Malte,Le juge de Malte,1959,\N,\N
tt0492660,short,K kichen,K kichen,2005,10,Short
tt0492662,movie,Kikansha sensei,Kikansha sensei,2004,123,Drama
tt0492663,movie,Princess in an Iron Helmet,Korogare! Tamako,2006,103,Comedy
tt0492664,movie,Kuaile nianhua,Kuaile nianhua,1967,\N,Drama
tt0492665,short,Lab,Lab,2005,1,Short
tt0492666,short,Largarse a tiempo,Largarse a tiempo,2005,11,Short
tt0492670,short,Laura,Laura,2004,7,Short
tt0492671,tvMovie,Legless,Legless,2005,90,Drama
tt0492672,tvMovie,Die letzte Begegnung,Die letzte Begegnung,1987,87,Thriller
tt0492673,movie,Lian li zhi,Lian li zhi,1960,\N,Romance
tt0492676,short,La luz de la esperanza,La luz de la esperanza,2005,6,Short
tt0492677,short,La luz de los sentidos,La luz de los sentidos,2005,13,"Documentary,Short"
tt0492678,short,Látigo mecánico,Látigo mecánico,2005,5,Short
tt0492679,movie,Malchishku zvali kapitanom,Malchishku zvali kapitanom,1973,88,"Drama,War"
tt0492680,videoGame,Marvel Nemesis: Rise of the Imperfects,Marvel Nemesis: Rise of the Imperfects,2005,\N,"Action,Adventure,Fantasy"
tt0492682,short,La mejor excusa,La mejor excusa,2005,4,Short
tt0492683,movie,Menya zhdut na zemle,Menya zhdut na zemle,1977,82,Drama
tt0492684,short,Midnight Ramble,Midnight Ramble,2005,3,"Animation,Short"
tt0492685,short,La mirada exterior,La mirada exterior,2005,3,Short
tt0492686,movie,Mi yue jing hun,Mi yue jing hun,1960,\N,Thriller
tt0492687,movie,Mondai no nai watashitachi,Mondai no nai watashitachi,2004,98,Drama
tt0492688,movie,Der Monte Christo von Prag,Der Monte Christo von Prag,1929,\N,Adventure
tt0492689,short,La mosca que mordió a Dios,La mosca que mordió a Dios,2005,13,Short
tt0492690,short,Mother Father Son,Mother Father Son,2005,3,Short
tt0492691,short,A Motor Masquerade,A Motor Masquerade,1905,\N,"Comedy,Short"
tt0492695,short,La muñeca muda,La muñeca muda,2005,20,Short
tt0492696,short,My Buddy,My Buddy,2005,15,"Documentary,Family,Short"
tt0492699,short,La más linda,La más linda,2004,7,Short
tt0492700,short,La máscara de Juan Rana,La máscara de Juan Rana,2004,15,Short
tt0492702,movie,Wedding Campaign,Naui gyeolhon wonjeonggi,2005,120,"Comedy,Drama"
tt0492706,short,La nuit des toiles,La nuit des toiles,1989,26,Short
tt0492707,movie,One Shining Day,Nunbushin haru,2006,135,Drama
tt0492709,short,O-Nu-Ri,O-Nu-Ri,2005,13,"Animation,Family,Short"
tt0492711,tvMovie,Open Wide,Open Wide,2005,90,"Comedy,Romance"
tt0492712,short,La opresión,La opresión,2005,4,Short
tt0492713,short,La orden del estandarte verde,La orden del estandarte verde,1996,4,Short
tt0492714,movie,Our Brand Is Crisis,Our Brand Is Crisis,2005,87,Documentary
tt0492720,short,Parvite 20 godini,Parvite 20 godini,1984,21,"Documentary,Short"
tt0492721,short,Parviyat,Parviyat,1975,20,"Documentary,Short"
tt0492722,short,La pasión segun un ateo,La pasión segun un ateo,2004,7,Short
tt0492723,short,"La paz no es un camino, es el camino","La paz no es un camino, es el camino",2005,40,Short
tt0492725,tvEpisode,Pity in History,Pity in History,1985,\N,Drama
tt0492726,short,La plaza Caracas y la casa de Buster Keaton,La plaza Caracas y la casa de Buster Keaton,2005,8,Short
tt0492729,videoGame,Polarium,Chokkan hitofude,2004,\N,\N
tt0492730,short,Policemans Interrupted Vision,Policemans Interrupted Vision,1903,\N,"Comedy,Short"
tt0492731,short,Feast,Praznik,1955,24,"Comedy,Short"
tt0492732,short,Tale for the Golden Fleece,Prikazka za zlatnoto runo,1957,13,"Documentary,Short"
tt0492733,short,Bats,Prilepi,1971,14,"Documentary,Short"
tt0492734,short,La primera mentira,La primera mentira,2005,10,Short
tt0492736,short,Promishlena elektronika,Promishlena elektronika,1965,13,"Documentary,Short"
tt0492737,short,The Providence Light Artillery,The Providence Light Artillery,1903,\N,"Documentary,Short"
tt0492738,short,Ptizevadstvoto v Bulgaria,Ptizevadstvoto v Bulgaria,1937,8,"Documentary,Short"
tt0492739,short,Pulling Against the Stream,Pulling Against the Stream,1903,\N,Short
tt0492741,short,Q & A.,Q & A.,2005,5,Short
tt0492742,movie,Qingshan Hongfen,Qingshan Hongfen,1960,\N,Drama
tt0492743,short,Rattan Slide and General View of Luna Park,Rattan Slide and General View of Luna Park,1903,\N,"Documentary,Short"
tt0492746,short,Rehabilitiert,Rehabilitiert,1910,\N,Short
tt0492747,short,The Rehearsal,The Rehearsal,1903,\N,"Comedy,Short"
tt0492748,short,Rent Collector,Rent Collector,1903,\N,"Comedy,Short"
tt0492749,movie,Barbers Sorrow,Rihatuten aruji no kanashimi,2002,97,Comedy
tt0492751,short,The Rock of Ages,The Rock of Ages,1903,\N,"Comedy,Short"
tt0492752,short,Rome and the Vatican,Rome and the Vatican,1903,\N,"Documentary,Short"
tt0492753,tvMovie,Der Ruf der Berge,Der Ruf der Berge,2005,89,Romance
tt0492754,movie,Salvage,Salvage,2006,80,"Horror,Mystery,Thriller"
tt0492755,movie,Lost in Love,Sarang-eul nochida,2006,115,Romance
tt0492756,short,Scenes at the Zoo,Scenes at the Zoo,1903,\N,"Documentary,Short"
tt0492757,short,Schuld und Sühne,Schuld und Sühne,1910,\N,Short
tt0492758,video,Scoring  War of the Worlds ,Scoring  War of the Worlds ,2005,12,Short
tt0492760,short,Serenaders Difficulties,Serenaders Difficulties,1903,\N,"Comedy,Short"
tt0492765,movie,Sha ren hua,Sha ren hua,1966,\N,Drama
tt0492766,videoGame,Shadow of the Beast,Shadow of the Beast,1989,\N,"Action,Adventure,Horror"
tt0492771,short,She Fell Fainting Into His Arms,She Fell Fainting Into His Arms,1903,\N,"Comedy,Short"
tt0492773,movie,Satoru: Fourteen,Shonen to hoshi to jitensha,2005,85,Drama
tt0492774,short,Shooting the Rapids at Luna Park,Shooting the Rapids at Luna Park,1903,\N,"Documentary,Short"
tt0492775,short,La silla,La silla,2005,4,Short
tt0492776,short,Sirens of Bastogne,Sirens of Bastogne,2005,11,"Drama,Short"
tt0492778,short,The Smoky Stove,The Smoky Stove,1903,\N,"Comedy,Short"
tt0492781,short,Springfield Fire Department,Springfield Fire Department,1903,\N,"Documentary,Short"
tt0492782,video,Steven Spielberg and the Original  War of the Worlds ,Steven Spielberg and the Original  War of the Worlds ,2005,8,Short
tt0492784,movie,Strange Circus,Kimyô na sâkasu,2005,108,"Drama,Horror,Mystery"
tt0492790,short,Street Scene in Hyderabad,Street Scene in Hyderabad,1903,\N,"Documentary,Short"
tt0492791,short,Beyond the Horizon,Beyond the Horizon,2005,5,"Drama,Short,Thriller"
tt0492792,tvMovie,Le survivant,Le survivant,1969,\N,\N
tt0492795,tvMovie,Sylvérie ou les fonds hollandais,Sylvérie ou les fonds hollandais,1965,\N,\N
tt0492796,tvMovie,Système deux,Système deux,1962,\N,\N
tt0492797,movie,Sündige Liebe,Sündige Liebe,1911,\N,\N
tt0492799,short,Tally Ho!,Tally Ho!,1901,\N,"Comedy,Short"
tt0492801,tvEpisode,Sonnenfinsternis,Sonnenfinsternis,2006,90,"Crime,Drama,Thriller"
tt0492811,short,Ten Nights in a Barroom,Ten Nights in a Barroom,1903,\N,"Drama,Short"
tt0492814,short,Ties,Ties,2005,14,"Drama,Short"
tt0492816,short,Toodles and Her Strawberry Tart,Toodles and Her Strawberry Tart,1903,\N,"Comedy,Short"
tt0492819,movie,Der Trompeter von Säckingen,Der Trompeter von Säckingen,1918,\N,Drama
tt0492820,movie,Moon & Cherry,Tsuki to Cherry,2004,82,Drama
tt0492821,short,Two Chappies in a Box,Two Chappies in a Box,1903,\N,"Comedy,Short"
tt0492823,tvMovie,Un abolitionniste: Robert Badinter,Un abolitionniste: Robert Badinter,2001,55,Documentary
tt0492824,tvEpisode,Un paquebot dans la tête,Un paquebot dans la tête,1981,\N,Drama
tt0492825,short,Uncle Reuben at the Waldorf,Uncle Reuben at the Waldorf,1903,\N,"Comedy,Short"
tt0492826,short,Une journée entière sans mentir,Une journée entière sans mentir,1995,12,Short
tt0492827,short,Vesta Victoria as Grace Darling,Vesta Victoria as Grace Darling,1902,\N,Short
tt0492828,short,La virgen puta,La virgen puta,2005,8,Short
tt0492829,short,Visions,Visions,1978,11,"Documentary,Short"
tt0492830,short,Las viudas,Las viudas,2004,7,Short
tt0492831,tvMovie,Viva Mexico,Viva Mexico,1980,140,Music
tt0492832,tvMovie,Le volcan de la rue Arbat,Le volcan de la rue Arbat,1980,105,Comedy
tt0492833,short,La voluntad de dios,La voluntad de dios,2005,10,Short
tt0492834,short,Vor dem Gesetz,Vor dem Gesetz,1999,21,Short
tt0492835,movie,Wang-ui namja,Wang-ui namja,2005,119,"Drama,History"
tt0492836,short,Washerwomen and Chimney-Sweep,The Washerwomen and the Sweep,1903,\N,"Comedy,Short"
tt0492837,video,We Are Not Alone,We Are Not Alone,2005,3,Short
tt0492839,short,A Whirling Tango,A Whirling Tango,2005,4,Short
tt0492843,movie,Wille und Werk,Wille und Werk,1929,\N,Documentary
tt0492847,movie,Yi fu zi xia ji,Yi fu zi xia ji,1956,110,Drama
tt0492850,movie,Yumeno,Yumeno,2005,93,Drama
tt0492851,short,Les yèmènites,Les yèmènites,2004,12,Short
tt0492852,movie,Zolotye chasy,Zolotye chasy,1968,76,\N
tt0492853,tvSeries,Les aventures de Thomas Gordon,Les aventures de Thomas Gordon,1980,15,Mystery
tt0492854,tvMovie,Akon Makes a Video,Akon Makes a Video,2004,22,Documentary
tt0492855,tvMiniSeries,The Clint Howard Variety Show,The Clint Howard Variety Show,2002,\N,"Comedy,Music,Talk-Show"
tt0492856,tvSeries,Crufts Dog Show,Crufts Dog Show,1966,\N,Documentary
tt0492857,tvSeries,Go Kinky,Go Kinky,2005,30,"Comedy,Reality-TV"
tt0492858,tvMovie,Mutig in die neuen zeiten: Im reich der reblaus,Mutig in die neuen zeiten: Im reich der reblaus,2005,103,Drama
tt0492859,tvEpisode,A Deadly Campaign,A Deadly Campaign,2004,\N,"Crime,Documentary"
tt0492860,tvSeries,Raya wa Sekina,Raya wa Sekina,2005,49,"Crime,Drama,Thriller"
tt0492861,tvSeries,Sci-Fi Entertainment,Sci-Fi Entertainment,1998,\N,News
tt0492862,tvMiniSeries,Selambs,Selambs,1979,528,Drama
tt0492863,tvSeries,Speaking in Tongues,Speaking in Tongues,2005,25,Talk-Show
tt0492864,tvSeries,Talk to Me,Talk to Me,2006,\N,Drama
tt0492866,tvSeries,The Janice Dickinson Modeling Agency,The Janice Dickinson Modeling Agency,2006,\N,"Documentary,Reality-TV"
tt0492868,short,208,208,2005,14,"Drama,Horror,Mystery"
tt0492869,movie,Antonia,Antônia,2006,90,"Drama,Musical"
tt0492870,video,Beyoncé: Unauthorized,Beyoncé: Unauthorized,2003,90,"Documentary,Music"
tt0492871,tvShort,"The Black, the White, and the Blue","The Black, the White, and the Blue",1998,3,Short
tt0492872,short,Blink,Blink,2005,10,"Drama,Short"
tt0492873,video,The Cannes Experience: Manderlay 2005,The Cannes Experience: Manderlay 2005,2005,28,"Documentary,Short"
tt0492874,tvEpisode,Casting the Runes,Casting the Runes,1979,47,"Comedy,Drama"
tt0492875,short,DVD,DVD,2006,17,"Comedy,Short"
tt0492876,tvMovie,The Dolphin Murders,The Dolphin Murders,2004,49,Documentary
tt0492877,short,Dona Nobis Pacem,Dona Nobis Pacem,2002,\N,Short
tt0492878,tvMovie,Drake and Josh Go Hollywood,Drake and Josh Go Hollywood,2006,120,"Adventure,Comedy,Family"
tt0492879,short,Exposure,Exposure,2005,19,"Drama,Short"
tt0492880,movie,Fatti della banda della Magliana,Fatti della banda della Magliana,2005,88,"Crime,Drama"
tt0492881,movie,The Fifth Commandment,The Fifth Commandment,2008,90,"Action,Comedy,Crime"
tt0492882,video,Phil Collins: Finally... The First Farewell Tour,Phil Collins: Finally... The First Farewell Tour,2004,133,"Documentary,Music"
tt0492883,short,The Girl the Gun and the Desert,The Girl the Gun and the Desert,2005,14,"Mystery,Short"
tt0492884,movie,Harry: A Communication Breakdown,Harry: A Communication Breakdown,2008,\N,Documentary
tt0492885,short,Huncut,Huncut,2003,4,Short
tt0492887,short,I.O.U,I.O.U,2005,\N,"Horror,Short"
tt0492888,short,The Importance of Blind Dating,The Importance of Blind Dating,2005,29,"Comedy,Short"
tt0492889,short,Last Day on Earth,Last Day on Earth,2004,9,"Sci-Fi,Short"
tt0492890,movie,The Wild Stallion,The Wild Stallion,2009,82,"Drama,Family"
tt0492891,video,Laughing Matters,Laughing Matters,2004,60,"Comedy,Documentary,Romance"
tt0492892,video,Made in the USA,Made in the USA,2003,83,Sport
tt0492893,movie,Matchbook Morning,Matchbook Morning,2005,121,Drama
tt0492894,tvMovie,McBride: Fallen Idol,McBride: Fallen Idol,2006,120,Mystery
tt0492895,video,The Music of Georges Delerue,The Music of Georges Delerue,2005,\N,Short
tt0492896,movie,Archies Final Project,My Suicide,2009,107,"Comedy,Drama"
tt0492897,tvMovie,NBC Premiere Week Preview,NBC Premiere Week Preview,2005,\N,Comedy
tt0492898,tvMovie,Never Say Never,Never Say Never,1979,30,Comedy
tt0492899,movie,Night Lunch,Night Lunch,1975,32,Documentary
tt0492900,short,El perfil de un gallo,El perfil de un gallo,2004,\N,"Documentary,Short"
tt0492901,short,The Pigeon and the Onion Pie,The Pigeon and the Onion Pie,2004,3,"Animation,Short"
tt0492902,short,Prises de vues,Prises de vues,2003,11,"Drama,Short"
tt0492903,movie,Proa al Norte,Proa al Norte,2005,58,Documentary
tt0492904,video,Red Hot Poker,Red Hot Poker,2005,\N,Sport
tt0492905,short,Regarde-moi,Regarde-moi,1996,6,"Drama,Short"
tt0492906,short,Ring Shout,Ring Shout,2005,19,"Drama,Short"
tt0492907,short,Roses Are Red,Roses Are Red,1995,12,"Comedy,Short"
tt0492908,movie,The STDers,The STDers,2005,\N,Comedy
tt0492909,short,She Wasn t Mine,She Wasn t Mine,2000,14,"Drama,Short"
tt0492910,tvSpecial,Son Volt Live: Okemah & the Melody of Riot,Son Volt Live: Okemah & the Melody of Riot,2005,\N,Music
tt0492911,short,El sonido del silencio,El sonido del silencio,2004,14,"Comedy,Short"
tt0492912,movie,Subject Two,Subject Two,2006,93,"Drama,Thriller"
tt0492913,movie,Sweet Amerika,Sweet Amerika,2008,101,Drama
tt0492914,video,Three Nights on the Town,Three Nights on the Town,2005,160,Music
tt0492915,short,Trunk,Trunk,2004,\N,Short
tt0492916,tvMovie,De uitverkorene,De uitverkorene,2006,92,Drama
tt0492917,short,Undisclosed,Undisclosed,2005,\N,"Short,Thriller"
tt0492918,short,Passiflora Waltz,Vals Passiflora,2003,14,"Fantasy,Short"
tt0492919,tvMovie,Weekday Heroes,Weekday Heroes,1985,\N,Documentary
tt0492920,tvMovie,When Metallica Ruled the World,When Metallica Ruled the World,2005,\N,"Documentary,Music"
tt0492921,video,The Wreck and Rescue of the Schooner J.H. Hartzell,The Wreck and Rescue of the Schooner J.H. Hartzell,1988,43,"Documentary,Short"
tt0492922,video,X ova,X ova,2001,22,"Action,Animation,Drama"
tt0492923,tvSeries,As Aventuras de Eva,As Aventuras de Eva,1961,25,Comedy
tt0492924,tvSeries,Carlos Cruz Quarta-Feira,Carlos Cruz Quarta-Feira,1991,50,Talk-Show
tt0492925,tvSeries,Grandes Planos,Grandes Planos,1993,30,News
tt0492926,tvSeries,Noites Marcianas,Noites Marcianas,2001,150,Talk-Show
tt0492927,tvSeries,Rua da Matriz,Rua da Matriz,1965,\N,Comedy
tt0492928,tvSeries,T.N.T.,T.N.T.,1965,60,Comedy
tt0492931,movie,The 11th Hour,The 11th Hour,2007,95,Documentary
tt0492932,tvMovie,Os 7 Rostos,Os 7 Rostos,1988,55,Biography
tt0492934,movie,Ai to nikushimi - Namida no sangeki,Ai to nikushimi - Namida no sangeki,1932,\N,Drama
tt0492935,short,The Aluminum Fowl,The Aluminum Fowl,2006,\N,Short
tt0492937,short,Los besos resucitan a una muerta,Los besos resucitan a una muerta,2005,3,Short
tt0492938,tvEpisode,Hip-Hop: Beyond Beats and Rhymes,Hip-Hop: Beyond Beats and Rhymes,2006,\N,Documentary
tt0492939,short,Beyond Iraq,Beyond Iraq,2006,8,Short
tt0492940,short,Bugcrush,Bugcrush,2006,36,"Drama,Horror,Mystery"
tt0492942,short,Chauffeur par amour,Chauffeur par amour,1912,\N,Short
tt0492943,short,Le chemineau Rinkeur,Le chemineau Rinkeur,1911,\N,Short
tt0492944,movie,Chignole,Chignole,1919,\N,\N
tt0492945,movie,Cinnamon,Cinnamon,2006,71,"Documentary,Drama"
tt0492946,short,La cité universitaire de Paris,La cité universitaire de Paris,1933,\N,Short
tt0492947,movie,"Clear Cut: The Story of Philomath, Oregon","Clear Cut: The Story of Philomath, Oregon",2006,72,Documentary
tt0492948,short,Le collier vivant,Le collier vivant,1912,\N,Short
tt0492949,short,Como o Céu nos Orienta: Do Astrolábio ao GPS,Como o Céu nos Orienta: Do Astrolábio ao GPS,2003,30,"Documentary,Short"
tt0492950,movie,Conception,A Concepção,2005,96,Drama
tt0492951,movie,A Conversation with Basquiat,A Conversation with Basquiat,2006,99,Documentary
tt0492952,movie,Corpus,Corpus,2005,80,Documentary
tt0492953,short,La coupe d amertume,La coupe d amertume,1917,\N,Short
tt0492954,short,La cure d Anatole,La cure d Anatole,1911,\N,Short
tt0492955,short,Cyprien est neurasthénique,Cyprien est neurasthénique,1911,\N,Short
tt0492956,movie,The Game Plan,The Game Plan,2007,110,"Comedy,Family,Sport"
tt0492957,video,Dangerous Twins,Dangerous Twins,2004,157,Drama
tt0492958,video,Dangerous Twins 2,Dangerous Twins 2,2004,\N,"Action,Drama,Romance"
tt0492959,video,Dangerous Twins 3,Dangerous Twins 3,2004,\N,"Action,Drama,Romance"
tt0492960,movie,A Darkness Swallowed,A Darkness Swallowed,2006,78,"Drama,Musical"
tt0492961,short,The Debt,The Debt,2006,15,"Drama,Short"
tt0492962,movie,Destricted,Destricted,2006,116,Drama
tt0492963,short,Les doigts qui étranglent,Les doigts qui étranglent,1914,\N,Short
tt0492964,short,Los días tristes,Los días tristes,2005,20,Short
tt0492965,short,Elle,Elle,1918,\N,Short
tt0492966,movie,En plein dans le mille,En plein dans le mille,1932,\N,\N
tt0492967,movie,I Remember,Eu Me Lembro,2005,110,Drama
tt0492968,movie,Everyone Stares: The Police Inside Out,Everyone Stares: The Police Inside Out,2006,74,"Documentary,Music"
tt0492969,short,La fausse information,La fausse information,1912,\N,"Comedy,Short"
tt0492970,short,Faust et Marguerite,Faust et Marguerite,1911,\N,"Drama,Short"
tt0492971,movie,In Favour of Light,A Favor da Claridade,2004,54,Documentary
tt0492974,short,First Date,First Date,2006,\N,"Drama,Short"
tt0492975,short,La Flute enchantée,La Flute enchantée,1943,\N,Short
tt0492976,short,Française malgré tout,Française malgré tout,1918,\N,"Short,War"
tt0492977,short,Gesture Down/I Don t Sing,Gesture Down/I Don t Sing,2006,10,"Drama,Short"
tt0492978,short,Ginette,Ginette,1914,\N,Short
tt0492979,short,Ha Ha Ha America,Ha Ha Ha America,2006,16,"Comedy,Drama,Short"
tt0492983,short,"Hello, Thanks","Hello, Thanks",2006,8,"Drama,Short"
tt0492984,short,His Wifes Friend,His Wifes Friend,1918,20,"Comedy,Short"
tt0492985,short,Hold Up,Hold Up,2006,7,"Drama,Short"
tt0492986,short,Los héroes olvidados,Los héroes olvidados,2005,16,Short
tt0492989,short,Images en négatifs,Images en négatifs,1956,10,Short
tt0492990,movie,Impéria,Impéria,1920,\N,\N
tt0492991,movie,Incuráveis,Incuráveis,2005,82,Drama
tt0492992,movie,Jalma La Double,Jalma La Double,1928,\N,\N
tt0492993,short,Le jockey est en retard,Le jockey est en retard,1914,\N,Short
tt0492994,video,The Kingmaker,The Kingmaker,2003,\N,Drama
tt0492995,movie,Kuxa Kanema - O Nascimento do Cinema,Kuxa Kanema - O Nascimento do Cinema,2003,52,Documentary
tt0492997,short,La lettre chargée,La lettre chargée,1911,\N,Short
tt0492998,short,Lighten Up,Lighten Up,2006,8,"Drama,Short"
tt0492999,short,Lluvia de éter bajo mi ventana,Lluvia de éter bajo mi ventana,2004,8,Short
tt0493000,short,Lo que tú quieras oír,Lo que tú quieras oír,2005,8,Short
tt0493001,short,Locos,Locos,2005,5,Short
tt0493002,short,A London Bobby,A London Bobby,1920,\N,"Comedy,Short"
tt0493003,short,Losing Lusk,Losing Lusk,2006,\N,Short
tt0493004,short,Lost: A Union Suit,Lost: A Union Suit,1914,\N,"Comedy,Short"
tt0493005,short,Lost: Three Hours,Lost: Three Hours,1912,\N,"Comedy,Short"
tt0493006,short,"Lot 63, Grave C","Lot 63, Grave C",2006,10,Short
tt0493007,short,"Madame Cicéron, avocate","Madame Cicéron, avocate",1917,\N,Short
tt0493008,short,Le maillot à pointes d acier,Le maillot à pointes d acier,1911,\N,Short
tt0493009,short,Manual de amor,Manual de amor,2004,21,Short
tt0493010,movie,Manue bolonaise,Manue bolonaise,2005,45,\N
tt0493011,short,Le mariage de l apothicaire,Le mariage de l apothicaire,1911,\N,Short
tt0493012,short,Marie Among the Predators,Marie chez les fauves,1922,\N,Short
tt0493013,short,Marie chez les loups,Marie chez les loups,1922,\N,Short
tt0493014,movie,Marie la gaieté,Marie la gaieté,1920,60,\N
tt0493015,movie,"Marie, la femme au singe","Marie, la femme au singe",1922,60,\N
tt0493016,short,Marjoun and the Flying Headscarf,Marjoun and the Flying Headscarf,2006,\N,"Drama,Short"
tt0493017,movie,A Matter of Degrees,A Matter of Degrees,2006,\N,Documentary
tt0493018,short,Max and Josh,Max and Josh,2006,7,"Drama,Short"
tt0493019,short,Medianoche,Medianoche,2005,10,Short
tt0493021,short,Meutre à Monte Nero,Meutre à Monte Nero,1952,\N,"Documentary,Short"
tt0493022,short,Mind Over Matter,Mind Over Matter,2006,39,"Documentary,Short"
tt0493023,short,Mommas Boy,Mommas Boy,2006,16,"Comedy,Short"
tt0493024,movie,Mon ,Mon ,1931,74,\N
tt0493025,short,Monsieur Pelche fait l ouverture,Monsieur Pelche fait l ouverture,1914,\N,Short
tt0493026,movie,Moonshine,Moonshine,2006,73,"Comedy,Horror"
tt0493027,short,La mort du milliardaire,La mort du milliardaire,1912,\N,Short
tt0493028,video,Mr. Lover Boy in Ghana,Mr. Lover Boy in Ghana,2004,175,"Drama,Romance"
tt0493029,short,La muerte es pequeña,La muerte es pequeña,2005,17,"Drama,Short"
tt0493030,movie,Les murailles du silence,Les murailles du silence,1925,\N,\N
tt0493031,short,No Umbrella: Election Day in the City,No Umbrella: Election Day in the City,2006,26,"Documentary,Short"
tt0493032,short,Non! Tu ne sortiras pas sans moi!,Non! Tu ne sortiras pas sans moi!,1911,5,"Comedy,Short"
tt0493033,short,La nostalgie de la purée,La nostalgie de la purée,1911,\N,"Comedy,Short"
tt0493034,short,One Sung Hero,One Sung Hero,2006,11,"Drama,Short"
tt0493035,short,L opérateur tenace,L opérateur tenace,1911,\N,Short
tt0493036,short,Oui maman,Oui maman,2005,10,"Animation,Short"
tt0493037,short,Oxford contre Martigues,Oxford contre Martigues,1912,4,"Comedy,Short"
tt0493038,short,Les papas de Francine,Les papas de Francine,1909,\N,Short
tt0493039,short,Les papiers du mort,Les papiers du mort,1912,\N,Short
tt0493040,video,Penguins Under Siege,Penguins Under Siege,2004,80,Documentary
tt0493041,movie,Periodes met zon,Periodes met zon,1990,75,Documentary
tt0493042,movie,Pine Flat,Pine Flat,2006,138,Drama
tt0493043,short,The Pity Card,The Pity Card,2006,12,"Comedy,Short"
tt0493044,short,Le placier de demain,Le placier de demain,1913,\N,Short
tt0493045,video,Player: Mr. Lover Man,Player: Mr. Lover Man,2003,\N,Romance
tt0493046,movie,Het portret van Natasha,Het portret van Natasha,1992,83,Documentary
tt0493047,short,Prédictions pour 1914,Prédictions pour 1914,1913,\N,Short
tt0493048,movie,Punching at the Sun,Punching at the Sun,2006,\N,Drama
tt0493049,short,Puss in Boots,Puss in Boots,1954,13,"Animation,Short"
tt0493050,movie,Querença,Querença,2004,90,Drama
tt0493051,short,Range,Range,2006,\N,Short
tt0493052,short,Redemptitude,Redemptitude,2006,12,"Drama,Short"
tt0493053,movie,Reis zonder einde,Reis zonder einde,1995,85,Documentary
tt0493054,short,La revue de la rail,La revue de la rail,1936,\N,Short
tt0493055,movie,Rockin Ramona,Rockin Ramona,1991,86,"Documentary,Music"
tt0493056,short,Rosa,Rosa,2005,22,Short
tt0493057,video,Saving Alero,Saving Alero,2001,110,\N
tt0493058,short,Serpentin et son modèle,Serpentin et son modèle,1918,\N,"Comedy,Short"
tt0493060,short,The Burglars Hard Luck,La situation délicate dun cambrioleur,1911,\N,"Comedy,Short"
tt0493062,short,Sur le sentier de la guerre,Sur le sentier de la guerre,1909,\N,Short
tt0493063,short,The Three Wise Men,The Three Wise Men,1916,\N,"Drama,Short"
tt0493064,short,Through the Ice,Through the Ice,2006,\N,Short
tt0493065,short,Tout aura lieu sur fond de nuit,Tout aura lieu sur fond de nuit,2005,14,Short
tt0493066,short,The Tribe,The Tribe,2005,18,"Documentary,Short"
tt0493067,short,Le triomphe d un lutteur,Le triomphe d un lutteur,1911,\N,Short
tt0493068,short,Le truc d Anatole,Le truc d Anatole,1911,\N,Short
tt0493069,video,True Love,True Love,2003,\N,"Drama,Romance"
tt0493070,short,True Story,True Story,2006,3,Short
tt0493071,short,Un bienfait n est jamais perdu,Un bienfait n est jamais perdu,1912,\N,"Comedy,Short"
tt0493072,short,Un monsieur qui a mangé du taureau,Un monsieur qui a mangé du taureau,1935,7,Short
tt0493073,movie,Nina,Nina,2016,90,"Biography,Drama,Music"
tt0493074,movie,Vision fantastique,Vision fantastique,1957,66,\N
tt0493075,short,What I Love About Dying,What I Love About Dying,2006,\N,"Documentary,Short"
tt0493076,movie,Who Needs Sleep?,Who Needs Sleep?,2006,78,Documentary
tt0493077,video,Witches,Witches,1998,106,Horror
tt0493078,movie,Wrestling with Angels: Playwright Tony Kushner,Wrestling with Angels: Playwright Tony Kushner,2006,98,Documentary
tt0493080,short,Your Dark Hair Ihsan,Your Dark Hair Ihsan,2005,\N,"Drama,Short"
tt0493081,short,À nous la jeunesse,À nous la jeunesse,1938,\N,Short
tt0493082,movie,L étrangère,L étrangère,1931,88,Drama
tt0493083,tvSeries,A Beetle Called Derek,A Beetle Called Derek,1990,\N,Family
tt0493084,tvSeries,Craft Lab,Craft Lab,2006,30,\N
tt0493085,tvSeries,Dragons  Den,Dragons  Den,2005,60,Reality-TV
tt0493086,tvSeries,FreeStyle,FreeStyle,2005,30,Reality-TV
tt0493087,tvSeries,Game Head,Game Head,2005,\N,\N
tt0493088,tvSeries,Geknipt voor de show,Geknipt voor de show,2005,\N,Comedy
tt0493089,tvSeries,Guinness World Records,Guinness World Records,2005,\N,\N
tt0493090,tvSeries,Hannah Montana,Hannah Montana,2006,23,"Comedy,Family,Music"
tt0493091,tvSeries,Harry and His Bucket Full of Dinosaurs,Harry and His Bucket Full of Dinosaurs,2005,11,"Adventure,Animation,Comedy"
tt0493092,tvMiniSeries,Popverkstan,Popverkstan,2005,20,Music
tt0493093,tvSeries,Redaksjon EN,Redaksjon EN,2002,\N,Talk-Show
tt0493094,tvSeries,Schöni Uussichte,Schöni Uussichte,2005,24,Comedy
tt0493095,tvSeries,Smoking Gun TV,Smoking Gun TV,2005,30,Comedy
tt0493096,tvSeries,Tendido cero,Tendido cero,1986,90,"Sport,Talk-Show"
tt0493097,tvSeries,Ultraman Nexus,Ultraman Nexus,2004,24,"Action,Sci-Fi"
tt0493098,movie,8,8,2008,100,Drama
tt0493099,video,Acquired,Acquired,2004,18,Short
tt0493100,short,Agha joon,Agha joon,2000,25,"Drama,Short"
tt0493101,movie,"Ala verde, ala pobre","Ala verde, ala pobre",2005,\N,Drama
tt0493102,tvSpecial,Americas Junior Miss 2002,Americas Junior Miss 2002,2002,\N,\N
tt0493103,short,Amor eterno,Amor eterno,2002,7,"Comedy,Short"
tt0493104,movie,An Angel of the Lord,Andel páne,2005,90,"Comedy,Family,Fantasy"
tt0493105,movie,Au fin moka,Au fin moka,2005,53,Documentary
tt0493106,short,Battle Chess,Battle Chess,2005,6,Short
tt0493107,video,Behind the Scenes of Seven Times Lucky,Behind the Scenes of Seven Times Lucky,2005,\N,"Documentary,Short"
tt0493108,short,Blindfolded,Blindfolded,2006,5,"Horror,Short"
tt0493109,short,Break-through,Break-through,1944,11,"Documentary,Short"
tt0493110,short,Brindis,Brindis,2002,6,"Comedy,Short"
tt0493111,short,Ceasefire!,Ceasefire!,2002,8,"Animation,Short"
tt0493112,tvMovie,A Childhood,A Childhood,2000,60,Documentary
tt0493113,short,The Cold Heat,The Cold Heat,2004,16,"Mystery,Short"
tt0493114,short,The Collected Works of Percival T. Vanderhaeghe,The Collected Works of Percival T. Vanderhaeghe,2001,24,Short
tt0493115,movie,The Deal,The Deal,2007,89,"Action,Thriller"
tt0493116,short,Dehors novembre,Dehors novembre,2005,7,"Animation,Short"
tt0493117,tvMovie,Doomsday Called Off,Doomsday Called Off,2004,59,Documentary
tt0493118,short,L effet secondaire,L effet secondaire,2005,6,Short
tt0493119,short,La orilla,La orilla,2001,19,"Short,Thriller"
tt0493121,video,Expert Insight: Final Table Poker,Expert Insight: Final Table Poker,2005,100,Documentary
tt0493122,tvSpecial,Faith Hill: Fireflies,Faith Hill: Fireflies,2005,60,Music
tt0493123,short,Faustrecht,Faustrecht,2005,\N,"Action,Short"
tt0493124,movie,"Ferreri, I Love You","Ferreri, I Love You",2000,55,Documentary
tt0493125,short,Fishbowl,Fishbowl,2005,14,Short
tt0493126,movie,A Get2Gether,A Get2Gether,2005,98,Comedy
tt0493127,short,Hanbleceya,Hanbleceya,2005,11,Short
tt0493128,short,Hank & Edgar: Flanking the Petroff Defense,Hank & Edgar: Flanking the Petroff Defense,2001,18,"Drama,Short"
tt0493129,video,Hero: The Rock Opera,Hero: The Rock Opera,2004,124,Musical
tt0493130,video,Jim Crockett Sr. Memorial Cup,Jim Crockett Sr. Memorial Cup,1988,119,Sport
tt0493131,video,The Jumping Flea: Tales of the Modern Ukulele,The Jumping Flea: Tales of the Modern Ukulele,2005,66,Documentary
tt0493132,short,Ketsuzoku,Ketsuzoku,2005,40,Short
tt0493133,video,Kill Them and Eat Them,Kill Them and Eat Them,2003,80,"Horror,Mystery,Sci-Fi"
tt0493134,short,The Killin ,The Killin ,2005,10,"Comedy,Horror,Short"
tt0493135,movie,It Happened Just Before,Kurz davor ist es passiert,2006,72,Drama
tt0493137,movie,Közúti karbantartók,Közúti karbantartók,2006,50,Comedy
tt0493138,tvMovie,L Chaim: To Life Telethon,L Chaim: To Life Telethon,2005,\N,Family
tt0493139,short,Liberté conditionnelle,Liberté conditionnelle,2005,10,"Drama,Short"
tt0493140,short,MSG: The Unsuspected Killer,MSG: The Unsuspected Killer,2005,14,"Documentary,Short"
tt0493141,tvSpecial,Macys 4th of July Fireworks Spectacular,Macys 4th of July Fireworks Spectacular,2000,60,Family
tt0493142,movie,Desperate Crossing - The True Story of the Mayflower,Desperate Crossing: The True Story of the Mayflower,2006,180,History
tt0493144,tvSpecial,Miss Playboy TV 2003,Miss Playboy TV 2003,2003,\N,Documentary
tt0493145,video,Mr. Christmas,Mr. Christmas,2005,56,"Drama,Family"
tt0493146,short,La mujer que soñaba,La mujer que soñaba,2003,10,"Comedy,Short"
tt0493147,short,Mystery Project,Mystery Project,2005,8,"Comedy,Mystery,Short"
tt0493148,tvEpisode,Wild West Mystery,Wild West Mystery,2006,120,Mystery
tt0493149,short,Même pas mal,Même pas mal,2003,\N,"Crime,Short"
tt0493150,video,N.T.V. Volume 2,N.T.V. Volume 2,2005,\N,Comedy
tt0493151,movie,One: The Movie,One: The Movie,2005,79,"Documentary,War"
tt0493152,tvShort,The Onion,The Onion,2002,8,"Comedy,Short"
tt0493153,tvMovie,Paula Goes to Hollywood,Paula Goes to Hollywood,2005,\N,"Biography,Documentary"
tt0493155,movie,Pontianak Harum Sundal Malam 2,Pontianak Harum Sundal Malam 2,2005,\N,"Action,Drama,Horror"
tt0493156,short,Pretty Kitty,Pretty Kitty,2005,\N,"Comedy,Short"
tt0493157,movie,Razzle Dazzle,Razzle Dazzle: A Journey Into Dance,2007,95,"Comedy,Music,Musical"
tt0493158,short,The Rise & Fall of the Nosebleeds,The Rise & Fall of the Nosebleeds,1977,20,Short
tt0493159,movie,Rough Cut and Ready Dubbed,Rough Cut and Ready Dubbed,1982,59,"Documentary,Music"
tt0493160,short,Sag mir wo du stehst,Sag mir wo du stehst,2004,4,"Animation,Short"
tt0493161,movie,One More Chance,San ge hao ren,2005,85,"Comedy,Drama"
tt0493162,short,Saturn Return,Saturn Return,2005,19,"Drama,Short"
tt0493163,tvMovie,Se tavallinen tarina,Se tavallinen tarina,1972,94,Drama
tt0493164,short,Short Story Time,Short Story Time,2005,9,"Comedy,Short"
tt0493165,video,Surviving the Dawn,Surviving the Dawn,2004,\N,Documentary
tt0493166,tvMovie,Taksikuski,Taksikuski,1969,90,Drama
tt0493167,tvShort,Talk to Me,Talk to Me,2005,16,"Drama,Short"
tt0493168,movie,I Love You in Every Language in the World,Ti amo in tutte le lingue del mondo,2005,99,Comedy
tt0493169,short,To a Man with a Big Nose,To a Man with a Big Nose,2005,3,"Animation,Short"
tt0493170,video,Twilight Zone: The Definitive Edition Interviews,Twilight Zone: The Definitive Edition Interviews,2005,\N,"Documentary,Sci-Fi,Short"
tt0493171,tvMovie,Two Top Bananas,Two Top Bananas,1982,40,Comedy
tt0493172,movie,Vinicius,Vinicius,2005,121,"Biography,Documentary,Music"
tt0493173,movie,When I Die,When I Die,2005,60,Documentary
tt0493174,short,Working Class Movement Library,Working Class Movement Library,2005,25,"Documentary,Short"
tt0493175,video,Ying Yang Twins: Puttin  It In,Ying Yang Twins: Puttin  It In,2003,\N,"Music,Short"
tt0493176,short,Ziezoo,Ziezoo,2005,25,"Documentary,Short"
tt0493177,video,Ärgermacher - Der Teaser,Ärgermacher - Der Teaser,2005,1,"Comedy,Short"
tt0493178,tvSeries,Casting,Casting,2005,\N,\N
tt0493179,tvSeries,Con toda el alma,Con toda el alma,2005,60,Drama
tt0493180,tvSeries,En exclusiva con Myrka Dellanos,En exclusiva con Myrka Dellanos,2005,\N,News
tt0493181,tvSeries,Exclusiv - Das Star-Magazin,Exclusiv - Das Star-Magazin,1994,10,"News,Talk-Show"
tt0493182,tvSeries,ITV - Formula One,ITV - Formula One,1997,\N,Sport
tt0493183,tvSeries,In the Cellar,In the Cellar,2005,90,Comedy
tt0493184,tvMovie,Joe Petrosino,Joe Petrosino,2006,\N,Crime
tt0493185,tvSeries,Where the Legend Begins,Lok sun,2001,\N,Drama
tt0493186,tvSeries,Mischak Machur,Mischak Machur,2004,\N,Comedy
tt0493187,tvSeries,N da CutZ,N da CutZ,2005,30,News
tt0493188,tvSeries,Les nouvelles aventures d Oliver Twist,Les nouvelles aventures d Oliver Twist,1997,52,"Animation,Family"
tt0493189,tvSeries,Krea Grad School Story,Ochame na futago: Claire Gakuin monogatari,1991,30,"Adventure,Animation,Comedy"
tt0493190,tvSeries,Shadows,Shadows,2005,30,Reality-TV
tt0493191,tvMiniSeries,Shining Mountains,Shining Mountains,2005,\N,Documentary
tt0493192,tvSeries,Sierra Club Chronicles,Sierra Club Chronicles,2006,30,\N
tt0493193,tvSeries,Tähelaev,Tähelaev,2004,60,"Documentary,Family,Talk-Show"
tt0493194,tvSeries,Ultraman Max,Urutoraman Makkusu,2005,24,"Action,Family,Sci-Fi"
tt0493195,tvSeries,The X-Effect,The X-Effect,2006,30,Reality-TV
tt0493196,tvSeries,eTalk Daily,eTalk Daily,2002,30,News
tt0493197,short,"2,800km from Home","2,800km from Home",2005,19,"Documentary,Short"
tt0493198,video,The Adventures of Brer Rabbit,The Adventures of Brer Rabbit,2006,71,"Animation,Comedy,Family"
tt0493199,short,Agent Madly in Love,Agent Madly in Love,2004,29,"Drama,Short"
tt0493200,video,Agents: Live the Mission,Agents: Live the Mission,2005,44,"Adventure,Family,Short"
tt0493201,video,Airmania,Airmania,1999,\N,"Documentary,Sport"
tt0493202,short,On a Road,Ala tareeq,2003,4,"Fantasy,Short"
tt0493203,tvShort,All That Jazz: An Interview with Roy Scheider,All That Jazz: An Interview with Roy Scheider,1979,3,"Documentary,Short"
tt0493204,tvSpecial,American Film Institute Comedy Special,American Film Institute Comedy Special,1987,60,"Comedy,Family"
tt0493205,tvEpisode,The 2004 American Idol Finale,The 2004 American Idol Finale,2004,90,News
tt0493206,short,Amerikareise,Amerikareise,1998,26,"Documentary,Short"
tt0493207,short,Amores payasos,Amores payasos,2003,5,Short
tt0493208,movie,Andrea: The Revenge of the Spirit,Andrea,2005,110,"Horror,Thriller"
tt0493209,short,Avenue X,Avenue X,2004,15,"Drama,Short"
tt0493210,video,Backslider (Reincidente),Backslider (Reincidente),2005,\N,"Drama,Short"
tt0493211,short,Being Ozzy Osbourne,Being Ozzy Osbourne,2000,14,Short
tt0493212,tvMovie,The Berenstain Bears Meet Bigpaw,The Berenstain Bears Meet Bigpaw,1980,30,"Animation,Comedy,Family"
tt0493213,tvMovie,The Big V,The Big V,2005,46,Documentary
tt0493214,short,Big Wes,Big Wes,2003,\N,"Comedy,Drama,Short"
tt0493216,short,Bluff Point,Bluff Point,2005,3,"Comedy,Short"
tt0493217,tvShort,Bob Fosse: On the Set,Bob Fosse: On the Set,1979,7,"Documentary,Short"
tt0493218,short,Cracked Stones,Brända stenar,2005,23,"Drama,Short"
tt0493219,tvSpecial,CMT: 100 Greatest Duets Concert,CMT: 100 Greatest Duets Concert,2005,120,Music
tt0493220,short,O Caminho Perdido,O Caminho Perdido,2005,23,Short
tt0493221,movie,Capri You Love?,Capri You Love?,2007,85,"Comedy,Drama"
tt0493222,short,Committed,Committed,2005,4,"Romance,Short,Thriller"
tt0493223,movie,Corto Maltese and the Gilded House of Samarkand,Corto Maltese: La maison dorée de Samarkand,2002,79,"Adventure,Animation,Drama"
tt0493224,tvSeries,Le portrait de petite cossette,Cossette no shôzô,2004,111,"Animation,Fantasy,Horror"
tt0493225,video,The Cult: Rarities and Promos,The Cult: Rarities and Promos,\N,58,Music
tt0493226,tvSeries,The DL Chronicles,The DL Chronicles,2005,30,"Drama,Romance"
tt0493227,short,Damselfly,Damselfly,2004,14,"Drama,Short"
tt0493228,video,The Dark Angel: Psycho Kickboxer,The Dark Angel: Psycho Kickboxer,1997,90,"Action,Horror"
tt0493229,tvSeries,Decisiones,Decisiones,2005,45,"Drama,Reality-TV,Romance"
tt0493230,tvShort,Des monstres a l état pur,Des monstres a l état pur,2000,\N,"Comedy,Drama,Short"
tt0493231,short,Desire L.A.,Desire L.A.,2000,\N,"Drama,Short"
tt0493232,movie,Dik Trom en zijn dorpsgenoten,Dik Trom en zijn dorpsgenoten,1947,60,Family
tt0493233,movie,Dislocation,Dislocation,2005,52,Documentary
tt0493234,tvMovie,Dodo Can t Fly,Dodo Can t Fly,2005,\N,"Family,Music"
tt0493235,short,Droit au coeur,Droit au coeur,2005,20,"Drama,Romance,Short"
tt0493236,movie,The Eighth Summit,The Eighth Summit,2005,52,Documentary
tt0493237,short,Something True,The End of Suffering,2005,17,"Short,Thriller"
tt0493238,tvMovie,L enfant bleu,L enfant bleu,1985,94,Drama
tt0493239,video,The English Countryside,The English Countryside,2005,30,"Reality-TV,Short"
tt0493240,video,Fangoria: Blood Drive II,Fangoria: Blood Drive II,2005,88,Horror
tt0493241,short,Fragile,Fragile,2005,14,"Drama,Short"
tt0493242,short,Getting Lucky,Getting Lucky,2005,18,"Comedy,Short"
tt0493243,tvMovie,GidyUp! On the Rodeo Circuit,GidyUp! On the Rodeo Circuit,2005,45,Documentary
tt0493244,movie,Origin: Spirits of the Past,Gin-iro no kami no Agito,2006,94,"Adventure,Animation,Drama"
tt0493245,movie,Harvest Moon,Harvest Moon,2002,90,Drama
tt0493246,short,Hero by Nature,Hero by Nature,2005,15,"Drama,Short"
tt0493247,video,Heroin: The Ride That Never Ends,Heroin: The Ride That Never Ends,2005,28,"News,Short"
tt0493248,tvMovie,Hungry Times,Hungry Times,1983,\N,Drama
tt0493249,tvSpecial,"The I Do Diaries: Beg, Borrow & Steal","The I Do Diaries: Beg, Borrow & Steal",2010,60,Reality-TV
tt0493250,short,The Ideal,The Ideal,2005,\N,"Romance,Short"
tt0493251,video,In a Funny Sort of Way,In a Funny Sort of Way,2005,28,Short
tt0493252,tvMovie,In the Footsteps of Bruce Chatwin,In the Footsteps of Bruce Chatwin,1999,120,Documentary
tt0493253,short,Inacabado,Inacabado,2005,13,"Short,Thriller"
tt0493254,short,Joseph and ClaireBell,Joseph and ClaireBell,2002,8,"Drama,Short"
tt0493255,short,The Journey,The Journey,2004,18,Short
tt0493256,short,Just Dessert,Just Dessert,2003,1,Short
tt0493257,video,A Justified Life: Sam Peckinpah and the High Country,A Justified Life: Sam Peckinpah and the High Country,2006,23,"Documentary,Short"
tt0493258,tvShort,Ketchup Connection,Ketchup Connection,2005,30,"Action,Short"
tt0493259,tvSpecial,Korn Makes a Video,Korn Makes a Video,2005,23,"Music,Reality-TV"
tt0493260,movie,Valley of the Wolves: Iraq,Kurtlar Vadisi: Irak,2006,122,"Action,Drama,War"
tt0493262,movie,Lena: The Bride of Ice,Lena: The Bride of Ice,2008,85,Drama
tt0493263,video,Lethal Impact,Lethal Impact,1991,85,Action
tt0493264,short,Letter 23,Letter 23,2004,1,Short
tt0493265,tvMovie,Life and Loss: The Impact of Six Feet Under,Life and Loss: The Impact of Six Feet Under,2006,30,Documentary
tt0493266,short,Life as You Know It,Life as You Know It,2005,15,Short
tt0493267,short,Little Miss Spider,Little Miss Spider,2002,\N,"Animation,Short"
tt0493268,short,The Look,The Look,2005,9,"Drama,Short"
tt0493269,short,Love in the Suburbs,Love in the Suburbs,1931,\N,"Comedy,Short"
tt0493270,short,The Man and the Snake,The Man and the Snake,1972,26,Short
tt0493271,short,The Memoirs of Don Walker,The Memoirs of Don Walker,2005,30,Short
tt0493273,video,Muppet Video: Muppet Treasures,Muppet Video: Muppet Treasures,1985,\N,Fantasy
tt0493274,tvSpecial,NBC Ford Supermodel of the World,NBC Ford Supermodel of the World,2005,\N,\N
tt0493275,short,NYCIII: Valentine,NYCIII: Valentine,2004,19,Short
tt0493276,short,Nagymama,Nagymama,2004,4,"Animation,Short"
tt0493277,tvShort,One-Hit Wonder,One-Hit Wonder,2005,22,"Drama,Short"
tt0493278,short,The Orgasm,The Orgasm,2005,9,"Comedy,Short"
tt0493279,short,Out on the Tiles,Out on the Tiles,2004,\N,"Drama,Short"
tt0493280,short,Paper Balls,Paper Balls,2005,8,"Drama,Short"
tt0493281,movie,Les passages,Les passages,\N,100,"Comedy,Drama,Romance"
tt0493282,short,Pessimistic Mindset,Pessimistic Mindset,2005,\N,"Drama,Short"
tt0493283,video,The Pixies,The Pixies,2004,57,Music
tt0493284,movie,"Pizza, Pesos, and Pistoleros","Pizza, Pesos, and Pistoleros",2004,83,"Action,Comedy,Western"
tt0493285,short,Portrait,Portrait,2005,9,Short
tt0493286,movie,I predatori delle Antille,I predatori delle Antille,1999,95,"Adventure,History,Romance"
tt0493287,short,La première fois,La première fois,1997,12,"Drama,Short"
tt0493288,short,Purpose,Purpose,2005,21,"Action,Drama,Short"
tt0493289,movie,Fratelli di sangue,Fratelli di sangue,2006,85,Drama
tt0493290,tvMovie,The Real Lost World,The Real Lost World,2006,95,Adventure
tt0493291,tvShort,Red Boots for Christmas,Red Boots for Christmas,1995,28,"Animation,Short"
tt0493292,short,The Remarkable Rocket,The Remarkable Rocket,1975,24,"Animation,Short"
tt0493293,video,Rock & Ringers,Rock & Ringers,2005,7,"Documentary,Short"
tt0493294,short,The Sacred Cypress,The Sacred Cypress,2003,\N,Short
tt0493295,movie,Sinus,Sinus,2005,114,"Comedy,Drama"
tt0493296,video,Siouxsie and the Banshees: Nocturne,Siouxsie and the Banshees: Nocturne,1983,59,Music
tt0493297,tvMovie,Six Feet Under: In Memoriam,Six Feet Under: In Memoriam,2005,50,Documentary
tt0493298,short,Skip Davenport: Federal Janitor,Skip Davenport: Federal Janitor,2004,11,"Comedy,Short"
tt0493299,short,Snowed,Snowed,2005,5,"Comedy,Short"
tt0493300,short,Les souliers chinois,Les souliers chinois,2004,15,"Action,Comedy,Drama"
tt0493301,movie,The Southernmost Point,The Southernmost Point,2005,50,Drama
tt0493302,short,The Spiritual Cockroach,The Spiritual Cockroach,2003,14,"Comedy,Short"
tt0493303,movie,Stanleys Dinosaur Round-Up,Stanleys Dinosaur Round-Up,2006,71,"Animation,Family,Western"
tt0493304,short,Stolac za ljuljanje,Stolac za ljuljanje,2005,28,"Drama,Short"
tt0493305,short,Stolen Dream,Stolen Dream,2005,4,"Drama,Short"
tt0493306,short,A Stolen Moment,A Stolen Moment,2004,16,"Drama,Short"
tt0493307,short,Straks borte - plutselig tilbake,Straks borte - plutselig tilbake,2004,25,"Drama,Short"
tt0493308,short,Suckers,Suckers,1995,16,"Comedy,Short"
tt0493309,short,Therapy,Therapy,2003,10,"Drama,Short"
tt0493310,short,Ti racconto una storia,Ti racconto una storia,2005,8,Short
tt0493311,short,Time of Death,Time of Death,2003,\N,"Drama,Short"
tt0493312,short,Trajet discontinu,Trajet discontinu,1998,26,"Drama,Short"
tt0493313,tvMovie,Traveller,Traveller,2000,\N,Documentary
tt0493314,video,Troublemakers: Express Way,Troublemakers: Express Way,2004,52,"Drama,Music"
tt0493315,short,Twice Removed,Twice Removed,2003,17,"Horror,Short"
tt0493316,short,Twice Removed,Twice Removed,2005,9,"Comedy,Short"
tt0493317,short,Underworld,Underworld,2005,4,"Crime,Short"
tt0493318,short,Urban Scrawls,Urban Scrawls,2003,30,Short
tt0493319,tvMovie,The Veteran,The Veteran,2006,90,"Drama,War"
tt0493320,short,La vieille qui roulait au super,La vieille qui roulait au super,2005,7,"Comedy,Short"
tt0493321,tvMovie,Vorsicht Schwiegermutter!,Vorsicht Schwiegermutter!,2005,90,Comedy
tt0493322,short,The Work,The Work,1983,\N,"Documentary,Short"
tt0493323,tvSeries,Country Music Television,Country Music Television,2005,\N,Music
tt0493324,tvMiniSeries,Covert One: The Hades Factor,Covert One: The Hades Factor,2006,160,"Action,Drama,Mystery"
tt0493325,tvSeries,Hanaukyo Maid Team,Hanaukyô meido-tai,2001,15,"Animation,Comedy,Romance"
tt0493326,tvSeries,How We Used to Live,How We Used to Live,1968,\N,History
tt0493327,tvSeries,Livet enligt Rosa,Livet enligt Rosa,2005,\N,Drama
tt0493328,tvSeries,Shabhaye Barareh,Shabhaye Barareh,2005,60,Comedy
tt0493329,tvSeries,Sit Down Comedy with David Steinberg,Sit Down Comedy with David Steinberg,2005,60,Comedy
tt0493330,tvSeries,Tennis Insiders,Tennis Insiders,2005,\N,Talk-Show
tt0493331,tvSeries,Yu-Gi-Oh! GX,Yu-Gi-Oh! GX,2004,30,"Action,Adventure,Animation"
tt0493332,video,Slim Slam Slum bag kameraet,Slim Slam Slum bag kameraet,2003,12,"Documentary,Short"
tt0493333,movie,Armando: Portrait of a Friend,Armando: Portrait of a Friend,2005,\N,Documentary
tt0493334,short,Blue Light Café,Blue Light Café,2002,29,"Drama,Short"
tt0493335,video,Chingy: Powerballin ,Chingy: Powerballin ,2004,30,"Biography,Short"
tt0493336,short,Cleaning Up Your World,Cleaning Up Your World,2004,11,"Fantasy,Short"
tt0493337,tvSeries,Conversations for Tomorrow,Conversations for Tomorrow,1964,35,"Documentary,Talk-Show"
tt0493338,tvMovie,The Cricket Match,The Cricket Match,1973,\N,Comedy
tt0493339,tvMovie,Crime Scene Photographers,Crime Scene Photographers,1998,\N,Crime
tt0493340,short,Cursos retrasados,Cursos retrasados,2002,1,"Comedy,Short"
tt0493341,short,Dies Irae,Dies Irae,2005,11,Short
tt0493342,videoGame,Cubivore: Survival of the Fittest,Dôbutsu banchô,2002,\N,"Action,Adventure"
tt0493343,short,Every Thirty Seconds,Every Thirty Seconds,2005,5,"Comedy,Short"
tt0493344,movie,Fighting for Life in the Death-Belt,Fighting for Life in the Death-Belt,2005,52,"Crime,Documentary"
tt0493345,short,Flag Day Parade,Flag Day Parade,2004,12,"Documentary,Short"
tt0493346,short,Garden City,Garden City,2003,\N,"Animation,Short"
tt0493347,short,La gente esta esperando,La gente esta esperando,2000,\N,"Drama,Short"
tt0493348,video,In the Red,In the Red,2003,69,Thriller
tt0493349,short,It Happened One Night,It Happened One Night,2005,\N,"Comedy,Short"
tt0493350,short,Judgment Call,Judgment Call,2003,38,"Mystery,Short"
tt0493351,movie,Kafan,Kafan,1990,147,Horror
tt0493352,tvMovie,Kontum Diary: The Journey Home,Kontum Diary: The Journey Home,1999,\N,Documentary
tt0493353,short,Making the Grade,Making the Grade,2005,36,"Comedy,Short"
tt0493354,tvMovie,Mecz,Mecz,1988,80,Drama
tt0493355,short,Micheals Storm,Micheals Storm,2005,21,"Drama,Short"
tt0493356,short,Miko,Miko,2005,\N,Short
tt0493357,short,The Mook Brothers,The Mook Brothers,2005,20,"Comedy,Short"
tt0493358,tvMovie,Murder on Pleasant Drive,Murder on Pleasant Drive,2006,90,"Drama,Mystery,Thriller"
tt0493359,tvMovie,Het mysterie der zwevenden,Het mysterie der zwevenden,1980,\N,\N
tt0493360,short,Newsbiz,Newsbiz,2005,10,"Drama,Short"
tt0493361,short,No. 0014,No. 0014,2005,18,"Action,Short"
tt0493362,short,Pebbles,Pebbles,2005,13,"Drama,Short"
tt0493363,short,Pen Pals,Pen Pals,2004,10,"Drama,Short"
tt0493364,short,Press or Say  2 ,Press or Say  2 ,2005,\N,"Comedy,Short"
tt0493365,short,Ravine,Ravine,1999,9,"Drama,Short"
tt0493366,short,Reflejos,Reflejos,2005,11,"Drama,Short"
tt0493367,movie,Retrouver Bam,Retrouver Bam,2005,\N,Documentary
tt0493368,video,Santa and Sons & Daughter,Santa and Sons & Daughter,2005,104,"Family,Musical"
tt0493369,short,Surfacing,Surfacing,2005,\N,"Drama,Short"
tt0493370,tvMovie,The Templar Code: Crusade of Secrecy,The Templar Code: Crusade of Secrecy,2005,100,Documentary
tt0493371,short,El tipo,El tipo,2002,2,"Comedy,Short"
tt0493372,movie,Tobacco Money Feeds My Family,Tobacco Money Feeds My Family,2003,\N,Documentary
tt0493373,short,La voce della coscienza,La voce della coscienza,2005,\N,Short
tt0493374,tvSeries,"Bullrun: Cops, Cars & Superstars II","Bullrun: Cops, Cars & Superstars II",2005,23,"Documentary,Sport"
tt0493375,tvSeries,Deal or No Deal,Deal or No Deal,2005,120,"Comedy,Family,Game-Show"
tt0493376,tvSeries,"Gadgets, Gadgets, Gadgets","Gadgets, Gadgets, Gadgets",2005,23,News
tt0493377,tvSeries,Party/Party,Party/Party,2005,60,"Documentary,Reality-TV"
tt0493378,tvSeries,Shoot the Writers!,Shoot the Writers!,2004,25,Comedy
tt0493379,tvSeries,TV One on One,TV One on One,2004,60,Talk-Show
tt0493380,tvSeries,Drop Dead Gorgeous,Drop Dead Gorgeous,2006,60,Drama
tt0493381,tvSeries,Treflan,Treflan,2002,\N,Drama
tt0493382,tvSpecial,The 15th Annual Gotham Awards,The 15th Annual Gotham Awards,2005,120,\N
tt0493383,movie,8 of Diamonds,8 of Diamonds,2006,89,Crime
tt0493384,short,Los aBCs: ¡Que vivan los muertos!,Los aBCs: ¡Que vivan los muertos!,2006,\N,Short
tt0493385,movie,The Agonist,The Agonist,2007,\N,Comedy
tt0493386,movie,Annavaram,Annavaram,2006,175,"Action,Drama"
tt0493387,short,Antonios Breakfast,Antonios Breakfast,2005,16,"Drama,Short"
tt0493388,video,Arthritis: An Integrated Approach,Arthritis: An Integrated Approach,2005,215,Documentary
tt0493389,short,Aruba,Aruba,2006,40,"Drama,Short"
tt0493390,movie,Ashes and Snow,Ashes and Snow,2005,62,"Documentary,Drama"
tt0493391,video,Asthma: An Integrated Approach,Asthma: An Integrated Approach,2005,225,Documentary
tt0493392,movie,Badland,Badland,2007,165,Drama
tt0493393,short,Bawke,Bawke,2005,15,"Drama,Short"
tt0493394,short,Be Quiet,Be Quiet,2005,19,"Drama,Short"
tt0493395,short,The Beginning of the End,Início do Fim,2005,7,"Drama,Short,War"
tt0493396,movie,Big Top,Big Top,2006,\N,Drama
tt0493397,short,The Bleeding Heart of It,The Bleeding Heart of It,2006,\N,Short
tt0493398,video,The Blvd,The Blvd,2005,\N,Documentary
tt0493399,movie,Boarding Gate,Boarding Gate,2007,106,"Drama,Thriller"
tt0493400,short,Bob Log IIIs Electric Fence Story,Bob Log IIIs Electric Fence Story,2006,\N,"Animation,Short"
tt0493401,movie,Brotherhood of Blood,Brotherhood of Blood,2007,88,"Horror,Thriller"
tt0493402,movie,Chips,CHIPS,2017,100,"Action,Comedy,Crime"
tt0493403,movie,Chinamans Chance: Americas Other Slaves,Chinamans Chance: Americas Other Slaves,2008,90,"Action,Drama,History"
tt0493404,movie,Cook Off!,Cook Off!,2007,98,Comedy
tt0493405,short,Desejo,Desejo,2005,15,"Drama,Short"
tt0493406,movie,Devils Den,Devils Den,2006,84,"Action,Comedy,Fantasy"
tt0493407,video,Diabetes: An Integrated Approach,Diabetes: An Integrated Approach,2005,165,Documentary
tt0493408,tvSpecial,Earth to America,Earth to America,2005,120,Comedy
tt0493409,short,Fable,Fable,2006,\N,"Animation,Drama,Short"
tt0493410,short,Faded,Faded,2005,30,"Drama,Short"
tt0493412,short,Fantôme Afrique,Fantôme Afrique,2006,\N,Short
tt0493413,video,FIFA Fever,FIFA Fever,2005,195,Documentary
tt0493414,movie,Fool N Final,Fool N Final,2007,144,"Action,Comedy,Crime"
tt0493415,short,Fumi and the Bad Luck Foot,Fumi and the Bad Luck Foot,2005,7,"Animation,Comedy,Short"
tt0493416,movie,True True Lie,True True Lie,2006,90,Thriller
tt0493417,movie,The Great Happiness Space: Tale of an Osaka Love Thief,The Great Happiness Space: Tale of an Osaka Love Thief,2006,76,Documentary
tt0493418,movie,Greetings from the Shore,Greetings from the Shore,2007,116,"Comedy,Drama,Romance"
tt0493419,short,Hadacol Christmas,Hadacol Christmas,2006,11,Short
tt0493420,short,A Half Man,A Half Man,2005,5,"Animation,Short"
tt0493421,video,Attack Force,Attack Force,2006,95,"Action,Thriller"
tt0493422,movie,Hiding Victoria,Hiding Victoria,2006,98,Drama
tt0493423,short,High Plains Winter,High Plains Winter,2006,10,Short
tt0493424,tvMovie,Hollywood Confidential,Hollywood Confidential,2003,59,Documentary
tt0493425,short,Instructions for a Light and Sound Machine,Instructions for a Light and Sound Machine,2005,17,"Short,Western"
tt0493426,tvMovie,J D Salinger Doesn t Want to Talk,J D Salinger Doesn t Want to Talk,1999,\N,Biography
tt0493427,movie,Jackass Number Two,Jackass Number Two,2006,92,"Action,Comedy,Documentary"
tt0493428,video,The Last Low Tide,The Last Low Tide,2009,77,Drama
tt0493429,movie,Liebeskind,Liebeskind,2005,85,Drama
tt0493430,tvMovie,Meerkat Madness,Meerkat Madness,2001,26,Documentary
tt0493431,videoGame,Men in Black II: Alien Escape,Men in Black II: Alien Escape,2002,\N,"Action,Adventure,Fantasy"
tt0493432,movie,Apna Sapna Money Money,Apna Sapna Money Money,2006,134,"Comedy,Musical,Romance"
tt0493433,movie,On the Doll,On the Doll,2007,102,"Crime,Drama,Thriller"
tt0493434,movie,Pettson & Findus - Tomtemaskinen,Pettson & Findus - Tomtemaskinen,2005,79,"Animation,Comedy,Family"
tt0493437,short,Rape for Who I Am,Rape for Who I Am,2006,27,"Documentary,Short"
tt0493439,movie,Finding Rin Tin Tin,Finding Rin Tin Tin,2007,90,Family
tt0493440,short,Le rouge au sol,Le rouge au sol,2006,16,"Drama,Short"
tt0493442,movie,The Scoop: An Ode to Customer Service,The Scoop: An Ode to Customer Service,2007,\N,"Comedy,Drama"
tt0493443,movie,Show Stoppers,Show Stoppers,2008,90,Comedy
tt0493444,tvMovie,Sinatra: Dark Star,Sinatra: Dark Star,2005,89,Documentary
tt0493445,short,Site Specific: Las Vegas 05,Site Specific: Las Vegas 05,2006,12,Short
tt0493447,movie,Sixty Six,Sixty Six,2006,93,"Biography,Comedy,Drama"
tt0493448,movie,The Skeptic,The Skeptic,2009,89,"Horror,Thriller"
tt0493449,movie,Slaughter Night,Sl8n8,2006,90,"Action,Horror,Thriller"
tt0493450,tvMovie,Sleeper Cell: Know Your Enemy,Sleeper Cell: Know Your Enemy,2005,\N,Documentary
tt0493451,short,Smudge,Smudge,2006,12,"Documentary,Short"
tt0493452,movie,Souls Midnight,Souls Midnight,2006,90,"Horror,Thriller"
tt0493453,short,A Supermarket Love Song,A Supermarket Love Song,2006,13,"Drama,Short"
tt0493454,tvSpecial,TNA Wrestling: Genesis,TNA Wrestling: Genesis,2005,180,Sport
tt0493456,movie,This Film Is Not Yet Rated,This Film Is Not Yet Rated,2006,98,Documentary
tt0493457,short,True North,True North,2006,\N,Short
tt0493458,short,Uten tittel,Uten tittel,2005,14,"Drama,Short"
tt0493459,short,Viscera,Viscera,2006,12,Short
tt0493460,movie,El cártel,El cártel,2009,87,"Drama,Thriller"
tt0493461,movie,Wanted,Wanted,2008,110,"Action,Crime,Fantasy"
tt0493462,movie,Waru,Waru,2006,84,"Action,Crime,Drama"
tt0493463,short,The Wraith of Cobble Hill,The Wraith of Cobble Hill,2006,15,"Animation,Drama,Short"
tt0493464,short,"Yesterday, I Think","Yesterday, I Think",2006,6,"Animation,Short"
tt0493465,tvSeries,A la misma hora,A la misma hora,1987,\N,"Music,Talk-Show"
tt0493467,tvMiniSeries,Ay isiginda saklidir,Ay isiginda saklidir,1996,\N,\N
tt0493468,tvSeries,Ayrilsak da beraberiz,Ayrilsak da beraberiz,1999,\N,"Comedy,Family"
tt0493469,tvSeries,Bay Kamber,Bay Kamber,1994,37,Comedy
tt0493470,tvSeries,La cosquilla,La cosquilla,1970,\N,Comedy
tt0493471,tvSeries,Domingos Herdez,Domingos Herdez,1962,\N,"Comedy,Musical"
tt0493472,tvMiniSeries,Evimiz olacak mi?,Evimiz olacak mi?,1999,\N,Comedy
tt0493473,tvMiniSeries,Geceler,Geceler,1996,\N,\N
tt0493474,tvSeries,Gurbetçiler,Gurbetçiler,1996,\N,\N
tt0493475,tvMiniSeries,Hayat bazen tatlidir,Hayat bazen tatlidir,1996,\N,\N
tt0493477,tvMiniSeries,Hemserim,Hemserim,1996,\N,\N
tt0493478,tvSeries,Historia de la educación,Historia de la educación,1981,30,Documentary
tt0493479,tvMiniSeries,Nefes alamiyorum,Nefes alamiyorum,1996,\N,\N
tt0493480,tvSeries,"Sabado loco, loco","Sabado loco, loco",1978,\N,Comedy
tt0493481,tvMiniSeries,Sevda kondu,Sevda kondu,1996,\N,\N
tt0493482,tvMiniSeries,Sihirli ceket,Sihirli ceket,1996,\N,\N
tt0493483,tvSeries,Söhret,Söhret,2005,\N,Romance
tt0493484,tvSeries,Telecomedia de Manolo Fabregas,Telecomedia de Manolo Fabregas,1952,\N,"Comedy,Drama"
tt0493485,tvSeries,The Valiant Varneys,The Valiant Varneys,1964,30,Comedy
